,index,Gebiet,Total,Jahr
0,9,Kreis 1,5817,2021
1,10,Rathaus,3275,2021
2,11,Hochschulen,701,2021
3,12,Lindenhof,1024,2021
4,13,City,817,2021
5,14,Kreis 2,36025,2021
6,15,Wollishofen,19937,2021
7,16,Leimbach,6338,2021
8,17,Enge,9750,2021
9,18,Kreis 3,50104,2021
10,19,Alt-Wiedikon,17631,2021
11,20,Friesenberg,10957,2021
12,21,Sihlfeld,21516,2021
13,22,Kreis 4,29023,2021
14,23,Werd,4574,2021
15,24,Langstrasse,11815,2021
16,25,Hard,12634,2021
17,26,Kreis 5,15804,2021
18,27,Gewerbeschule,9583,2021
19,28,Escher Wyss,6221,2021
20,29,Kreis 6,35355,2021
21,30,Unterstrass,24489,2021
22,31,Oberstrass,10866,2021
23,32,Kreis 7,38663,2021
24,33,Fluntern,8777,2021
25,34,Hottingen,11293,2021
26,35,Hirslanden,7338,2021
27,36,Witikon,11255,2021
28,37,Kreis 8,17818,2021
29,38,Seefeld,5862,2021
30,39,Mühlebach,6408,2021
31,40,Weinegg,5548,2021
32,41,Kreis 9,57077,2021
33,42,Albisrieden,22412,2021
34,43,Altstetten,34665,2021
35,44,Kreis 10,41017,2021
36,45,Höngg,24510,2021
37,46,Wipkingen,16507,2021
38,47,Kreis 11,76975,2021
39,48,Affoltern,26554,2021
40,49,Oerlikon,23880,2021
41,50,Seebach,26541,2021
42,51,Kreis 12,32654,2021
43,52,Saatlen,8788,2021
44,53,Schwamendingen-Mitte,10975,2021
45,54,Hirzenbach,12891,2021
46,9,Kreis 1,5831,2020
47,10,Rathaus,3317,2020
48,11,Hochschulen,675,2020
49,12,Lindenhof,1010,2020
50,13,City,829,2020
51,14,Kreis 2,35552,2020
52,15,Wollishofen,19757,2020
53,16,Leimbach,6140,2020
54,17,Enge,9655,2020
55,18,Kreis 3,50756,2020
56,19,Alt-Wiedikon,17764,2020
57,20,Friesenberg,11071,2020
58,21,Sihlfeld,21921,2020
59,22,Kreis 4,29034,2020
60,23,Werd,4570,2020
61,24,Langstrasse,11910,2020
62,25,Hard,12554,2020
63,26,Kreis 5,15622,2020
64,27,Gewerbeschule,9424,2020
65,28,Escher Wyss,6198,2020
66,29,Kreis 6,35317,2020
67,30,Unterstrass,24493,2020
68,31,Oberstrass,10824,2020
69,32,Kreis 7,38629,2020
70,33,Fluntern,8685,2020
71,34,Hottingen,11304,2020
72,35,Hirslanden,7396,2020
73,36,Witikon,11244,2020
74,37,Kreis 8,17456,2020
75,38,Seefeld,5480,2020
76,39,Mühlebach,6414,2020
77,40,Weinegg,5562,2020
78,41,Kreis 9,56462,2020
79,42,Albisrieden,22364,2020
80,43,Altstetten,34098,2020
81,44,Kreis 10,41044,2020
82,45,Höngg,24439,2020
83,46,Wipkingen,16605,2020
84,47,Kreis 11,76188,2020
85,48,Affoltern,26584,2020
86,49,Oerlikon,23548,2020
87,50,Seebach,26056,2020
88,51,Kreis 12,32845,2020
89,52,Saatlen,8799,2020
90,53,Schwamendingen-Mitte,11083,2020
91,54,Hirzenbach,12963,2020
92,9,Kreis 1,5791,2019
93,10,Rathaus,3307,2019
94,11,Hochschulen,678,2019
95,12,Lindenhof,1009,2019
96,13,City,797,2019
97,14,Kreis 2,35035,2019
98,15,Wollishofen,19225,2019
99,16,Leimbach,6152,2019
100,17,Enge,9658,2019
101,18,Kreis 3,51122,2019
102,19,Alt-Wiedikon,17874,2019
103,20,Friesenberg,11107,2019
104,21,Sihlfeld,22141,2019
105,22,Kreis 4,29368,2019
106,23,Werd,4455,2019
107,24,Langstrasse,11853,2019
108,25,Hard,13060,2019
109,26,Kreis 5,15750,2019
110,27,Gewerbeschule,9562,2019
111,28,Escher Wyss,6188,2019
112,29,Kreis 6,34794,2019
113,30,Unterstrass,23971,2019
114,31,Oberstrass,10823,2019
115,32,Kreis 7,38584,2019
116,33,Fluntern,8639,2019
117,34,Hottingen,11388,2019
118,35,Hirslanden,7503,2019
119,36,Witikon,11054,2019
120,37,Kreis 8,17060,2019
121,38,Seefeld,5319,2019
122,39,Mühlebach,6327,2019
123,40,Weinegg,5414,2019
124,41,Kreis 9,56637,2019
125,42,Albisrieden,22352,2019
126,43,Altstetten,34285,2019
127,44,Kreis 10,40832,2019
128,45,Höngg,24358,2019
129,46,Wipkingen,16474,2019
130,47,Kreis 11,75804,2019
131,48,Affoltern,26710,2019
132,49,Oerlikon,23288,2019
133,50,Seebach,25806,2019
134,51,Kreis 12,33231,2019
135,52,Saatlen,8841,2019
136,53,Schwamendingen-Mitte,11261,2019
137,54,Hirzenbach,13129,2019
138,9,Kreis 1,5750,2018
139,10,Rathaus,3267,2018
140,11,Hochschulen,664,2018
141,12,Lindenhof,990,2018
142,13,City,829,2018
143,14,Kreis 2,34877,2018
144,15,Wollishofen,18923,2018
145,16,Leimbach,6320,2018
146,17,Enge,9634,2018
147,18,Kreis 3,50569,2018
148,19,Alt-Wiedikon,17956,2018
149,20,Friesenberg,10933,2018
150,21,Sihlfeld,21680,2018
151,22,Kreis 4,28729,2018
152,23,Werd,4455,2018
153,24,Langstrasse,11111,2018
154,25,Hard,13163,2018
155,26,Kreis 5,15579,2018
156,27,Gewerbeschule,9513,2018
157,28,Escher Wyss,6066,2018
158,29,Kreis 6,34321,2018
159,30,Unterstrass,23394,2018
160,31,Oberstrass,10927,2018
161,32,Kreis 7,38191,2018
162,33,Fluntern,8485,2018
163,34,Hottingen,11265,2018
164,35,Hirslanden,7488,2018
165,36,Witikon,10953,2018
166,37,Kreis 8,16788,2018
167,38,Seefeld,5253,2018
168,39,Mühlebach,6315,2018
169,40,Weinegg,5220,2018
170,41,Kreis 9,55765,2018
171,42,Albisrieden,22304,2018
172,43,Altstetten,33461,2018
173,44,Kreis 10,40341,2018
174,45,Höngg,24020,2018
175,46,Wipkingen,16321,2018
176,47,Kreis 11,75344,2018
177,48,Affoltern,26562,2018
178,49,Oerlikon,23214,2018
179,50,Seebach,25568,2018
180,51,Kreis 12,32483,2018
181,52,Saatlen,8582,2018
182,53,Schwamendingen-Mitte,11100,2018
183,54,Hirzenbach,12801,2018
184,9,Kreis 1,5728,2017
185,10,Rathaus,3266,2017
186,11,Hochschulen,677,2017
187,12,Lindenhof,955,2017
188,13,City,830,2017
189,14,Kreis 2,33593,2017
190,15,Wollishofen,17892,2017
191,16,Leimbach,6212,2017
192,17,Enge,9489,2017
193,18,Kreis 3,50042,2017
194,19,Alt-Wiedikon,17522,2017
195,20,Friesenberg,10860,2017
196,21,Sihlfeld,21660,2017
197,22,Kreis 4,28775,2017
198,23,Werd,4574,2017
199,24,Langstrasse,11144,2017
200,25,Hard,13057,2017
201,26,Kreis 5,15666,2017
202,27,Gewerbeschule,9578,2017
203,28,Escher Wyss,6088,2017
204,29,Kreis 6,33614,2017
205,30,Unterstrass,22768,2017
206,31,Oberstrass,10846,2017
207,32,Kreis 7,37458,2017
208,33,Fluntern,8221,2017
209,34,Hottingen,11172,2017
210,35,Hirslanden,7465,2017
211,36,Witikon,10600,2017
212,37,Kreis 8,16541,2017
213,38,Seefeld,5129,2017
214,39,Mühlebach,6164,2017
215,40,Weinegg,5248,2017
216,41,Kreis 9,54716,2017
217,42,Albisrieden,22113,2017
218,43,Altstetten,32603,2017
219,44,Kreis 10,40341,2017
220,45,Höngg,23797,2017
221,46,Wipkingen,16544,2017
222,47,Kreis 11,74809,2017
223,48,Affoltern,26177,2017
224,49,Oerlikon,22815,2017
225,50,Seebach,25817,2017
226,51,Kreis 12,32027,2017
227,52,Saatlen,8388,2017
228,53,Schwamendingen-Mitte,11012,2017
229,54,Hirzenbach,12627,2017
230,9,Kreis 1,5648,2016
231,10,Rathaus,3226,2016
232,11,Hochschulen,640,2016
233,12,Lindenhof,972,2016
234,13,City,810,2016
235,14,Kreis 2,32162,2016
236,15,Wollishofen,16567,2016
237,16,Leimbach,6173,2016
238,17,Enge,9422,2016
239,18,Kreis 3,49500,2016
240,19,Alt-Wiedikon,17321,2016
241,20,Friesenberg,11002,2016
242,21,Sihlfeld,21177,2016
243,22,Kreis 4,28630,2016
244,23,Werd,4594,2016
245,24,Langstrasse,11145,2016
246,25,Hard,12891,2016
247,26,Kreis 5,15423,2016
248,27,Gewerbeschule,9598,2016
249,28,Escher Wyss,5825,2016
250,29,Kreis 6,33270,2016
251,30,Unterstrass,22476,2016
252,31,Oberstrass,10794,2016
253,32,Kreis 7,37139,2016
254,33,Fluntern,8038,2016
255,34,Hottingen,11113,2016
256,35,Hirslanden,7321,2016
257,36,Witikon,10667,2016
258,37,Kreis 8,16213,2016
259,38,Seefeld,5046,2016
260,39,Mühlebach,6137,2016
261,40,Weinegg,5030,2016
262,41,Kreis 9,52898,2016
263,42,Albisrieden,21174,2016
264,43,Altstetten,31724,2016
265,44,Kreis 10,39564,2016
266,45,Höngg,23423,2016
267,46,Wipkingen,16141,2016
268,47,Kreis 11,73413,2016
269,48,Affoltern,26054,2016
270,49,Oerlikon,22161,2016
271,50,Seebach,25198,2016
272,51,Kreis 12,31822,2016
273,52,Saatlen,8283,2016
274,53,Schwamendingen-Mitte,11076,2016
275,54,Hirzenbach,12463,2016
276,9,Kreis 1,5617,2015
277,10,Rathaus,3197,2015
278,11,Hochschulen,641,2015
279,12,Lindenhof,974,2015
280,13,City,805,2015
281,14,Kreis 2,31603,2015
282,15,Wollishofen,16244,2015
283,16,Leimbach,6102,2015
284,17,Enge,9257,2015
285,18,Kreis 3,49195,2015
286,19,Alt-Wiedikon,17158,2015
287,20,Friesenberg,10698,2015
288,21,Sihlfeld,21339,2015
289,22,Kreis 4,28701,2015
290,23,Werd,4460,2015
291,24,Langstrasse,11169,2015
292,25,Hard,13072,2015
293,26,Kreis 5,15065,2015
294,27,Gewerbeschule,9608,2015
295,28,Escher Wyss,5457,2015
296,29,Kreis 6,32867,2015
297,30,Unterstrass,22226,2015
298,31,Oberstrass,10641,2015
299,32,Kreis 7,37053,2015
300,33,Fluntern,7953,2015
301,34,Hottingen,11081,2015
302,35,Hirslanden,7380,2015
303,36,Witikon,10639,2015
304,37,Kreis 8,16192,2015
305,38,Seefeld,4990,2015
306,39,Mühlebach,6116,2015
307,40,Weinegg,5086,2015
308,41,Kreis 9,51328,2015
309,42,Albisrieden,19325,2015
310,43,Altstetten,32003,2015
311,44,Kreis 10,38199,2015
312,45,Höngg,22320,2015
313,46,Wipkingen,15879,2015
314,47,Kreis 11,72831,2015
315,48,Affoltern,25874,2015
316,49,Oerlikon,21966,2015
317,50,Seebach,24991,2015
318,51,Kreis 12,31753,2015
319,52,Saatlen,8508,2015
320,53,Schwamendingen-Mitte,11315,2015
321,54,Hirzenbach,11930,2015
322,9,Kreis 1,5616,2014
323,10,Rathaus,3236,2014
324,11,Hochschulen,634,2014
325,12,Lindenhof,955,2014
326,13,City,791,2014
327,14,Kreis 2,31156,2014
328,15,Wollishofen,16137,2014
329,16,Leimbach,5936,2014
330,17,Enge,9083,2014
331,18,Kreis 3,48808,2014
332,19,Alt-Wiedikon,16918,2014
333,20,Friesenberg,10695,2014
334,21,Sihlfeld,21195,2014
335,22,Kreis 4,28645,2014
336,23,Werd,4428,2014
337,24,Langstrasse,10985,2014
338,25,Hard,13232,2014
339,26,Kreis 5,14143,2014
340,27,Gewerbeschule,9539,2014
341,28,Escher Wyss,4604,2014
342,29,Kreis 6,32682,2014
343,30,Unterstrass,22126,2014
344,31,Oberstrass,10556,2014
345,32,Kreis 7,36556,2014
346,33,Fluntern,7865,2014
347,34,Hottingen,10882,2014
348,35,Hirslanden,7403,2014
349,36,Witikon,10406,2014
350,37,Kreis 8,16178,2014
351,38,Seefeld,5035,2014
352,39,Mühlebach,6107,2014
353,40,Weinegg,5036,2014
354,41,Kreis 9,50685,2014
355,42,Albisrieden,19199,2014
356,43,Altstetten,31486,2014
357,44,Kreis 10,37543,2014
358,45,Höngg,21826,2014
359,46,Wipkingen,15717,2014
360,47,Kreis 11,72228,2014
361,48,Affoltern,25902,2014
362,49,Oerlikon,21895,2014
363,50,Seebach,24431,2014
364,51,Kreis 12,30543,2014
365,52,Saatlen,7563,2014
366,53,Schwamendingen-Mitte,11301,2014
367,54,Hirzenbach,11679,2014
368,9,Kreis 1,5565,2013
369,10,Rathaus,3194,2013
370,11,Hochschulen,665,2013
371,12,Lindenhof,923,2013
372,13,City,783,2013
373,14,Kreis 2,30503,2013
374,15,Wollishofen,15937,2013
375,16,Leimbach,5730,2013
376,17,Enge,8836,2013
377,18,Kreis 3,48333,2013
378,19,Alt-Wiedikon,16706,2013
379,20,Friesenberg,10696,2013
380,21,Sihlfeld,20931,2013
381,22,Kreis 4,28115,2013
382,23,Werd,4188,2013
383,24,Langstrasse,10686,2013
384,25,Hard,13241,2013
385,26,Kreis 5,13636,2013
386,27,Gewerbeschule,9626,2013
387,28,Escher Wyss,4010,2013
388,29,Kreis 6,32328,2013
389,30,Unterstrass,21876,2013
390,31,Oberstrass,10452,2013
391,32,Kreis 7,36116,2013
392,33,Fluntern,7856,2013
393,34,Hottingen,10708,2013
394,35,Hirslanden,7285,2013
395,36,Witikon,10267,2013
396,37,Kreis 8,15912,2013
397,38,Seefeld,4978,2013
398,39,Mühlebach,5912,2013
399,40,Weinegg,5022,2013
400,41,Kreis 9,50261,2013
401,42,Albisrieden,19146,2013
402,43,Altstetten,31115,2013
403,44,Kreis 10,37416,2013
404,45,Höngg,21581,2013
405,46,Wipkingen,15835,2013
406,47,Kreis 11,70748,2013
407,48,Affoltern,25082,2013
408,49,Oerlikon,21658,2013
409,50,Seebach,24008,2013
410,51,Kreis 12,29642,2013
411,52,Saatlen,7280,2013
412,53,Schwamendingen-Mitte,11209,2013
413,54,Hirzenbach,11153,2013
414,9,Kreis 1,5571,2012
415,10,Rathaus,3164,2012
416,11,Hochschulen,673,2012
417,12,Lindenhof,935,2012
418,13,City,799,2012
419,14,Kreis 2,30085,2012
420,15,Wollishofen,16029,2012
421,16,Leimbach,5354,2012
422,17,Enge,8702,2012
423,18,Kreis 3,47926,2012
424,19,Alt-Wiedikon,16109,2012
425,20,Friesenberg,10986,2012
426,21,Sihlfeld,20831,2012
427,22,Kreis 4,27749,2012
428,23,Werd,4195,2012
429,24,Langstrasse,10560,2012
430,25,Hard,12994,2012
431,26,Kreis 5,13167,2012
432,27,Gewerbeschule,9824,2012
433,28,Escher Wyss,3343,2012
434,29,Kreis 6,31750,2012
435,30,Unterstrass,21442,2012
436,31,Oberstrass,10308,2012
437,32,Kreis 7,35603,2012
438,33,Fluntern,7779,2012
439,34,Hottingen,10447,2012
440,35,Hirslanden,7131,2012
441,36,Witikon,10246,2012
442,37,Kreis 8,15444,2012
443,38,Seefeld,4916,2012
444,39,Mühlebach,5745,2012
445,40,Weinegg,4783,2012
446,41,Kreis 9,50437,2012
447,42,Albisrieden,18999,2012
448,43,Altstetten,31438,2012
449,44,Kreis 10,37328,2012
450,45,Höngg,21537,2012
451,46,Wipkingen,15791,2012
452,47,Kreis 11,69496,2012
453,48,Affoltern,24855,2012
454,49,Oerlikon,21331,2012
455,50,Seebach,23310,2012
456,51,Kreis 12,29456,2012
457,52,Saatlen,7118,2012
458,53,Schwamendingen-Mitte,10934,2012
459,54,Hirzenbach,11404,2012
460,9,Kreis 1,5550,2011
461,10,Rathaus,3140,2011
462,11,Hochschulen,681,2011
463,12,Lindenhof,950,2011
464,13,City,779,2011
465,14,Kreis 2,30079,2011
466,15,Wollishofen,16055,2011
467,16,Leimbach,5340,2011
468,17,Enge,8684,2011
469,18,Kreis 3,46943,2011
470,19,Alt-Wiedikon,16014,2011
471,20,Friesenberg,10622,2011
472,21,Sihlfeld,20307,2011
473,22,Kreis 4,27453,2011
474,23,Werd,4189,2011
475,24,Langstrasse,10520,2011
476,25,Hard,12744,2011
477,26,Kreis 5,12924,2011
478,27,Gewerbeschule,9795,2011
479,28,Escher Wyss,3129,2011
480,29,Kreis 6,31556,2011
481,30,Unterstrass,21240,2011
482,31,Oberstrass,10316,2011
483,32,Kreis 7,35616,2011
484,33,Fluntern,7873,2011
485,34,Hottingen,10461,2011
486,35,Hirslanden,7024,2011
487,36,Witikon,10258,2011
488,37,Kreis 8,15501,2011
489,38,Seefeld,4908,2011
490,39,Mühlebach,5651,2011
491,40,Weinegg,4942,2011
492,41,Kreis 9,49813,2011
493,42,Albisrieden,18432,2011
494,43,Altstetten,31381,2011
495,44,Kreis 10,37192,2011
496,45,Höngg,21323,2011
497,46,Wipkingen,15869,2011
498,47,Kreis 11,67945,2011
499,48,Affoltern,24437,2011
500,49,Oerlikon,21253,2011
501,50,Seebach,22255,2011
502,51,Kreis 12,29510,2011
503,52,Saatlen,7131,2011
504,53,Schwamendingen-Mitte,10863,2011
505,54,Hirzenbach,11516,2011
506,9,Kreis 1,5563,2010
507,10,Rathaus,3099,2010
508,11,Hochschulen,678,2010
509,12,Lindenhof,951,2010
510,13,City,835,2010
511,14,Kreis 2,29878,2010
512,15,Wollishofen,15988,2010
513,16,Leimbach,5293,2010
514,17,Enge,8597,2010
515,18,Kreis 3,46699,2010
516,19,Alt-Wiedikon,15988,2010
517,20,Friesenberg,10596,2010
518,21,Sihlfeld,20115,2010
519,22,Kreis 4,27429,2010
520,23,Werd,4167,2010
521,24,Langstrasse,10379,2010
522,25,Hard,12883,2010
523,26,Kreis 5,12764,2010
524,27,Gewerbeschule,9688,2010
525,28,Escher Wyss,3076,2010
526,29,Kreis 6,31464,2010
527,30,Unterstrass,21233,2010
528,31,Oberstrass,10231,2010
529,32,Kreis 7,35447,2010
530,33,Fluntern,7637,2010
531,34,Hottingen,10570,2010
532,35,Hirslanden,6998,2010
533,36,Witikon,10242,2010
534,37,Kreis 8,15518,2010
535,38,Seefeld,4840,2010
536,39,Mühlebach,5679,2010
537,40,Weinegg,4999,2010
538,41,Kreis 9,48494,2010
539,42,Albisrieden,17835,2010
540,43,Altstetten,30659,2010
541,44,Kreis 10,36879,2010
542,45,Höngg,21179,2010
543,46,Wipkingen,15700,2010
544,47,Kreis 11,65796,2010
545,48,Affoltern,22972,2010
546,49,Oerlikon,20787,2010
547,50,Seebach,22037,2010
548,51,Kreis 12,29537,2010
549,52,Saatlen,7175,2010
550,53,Schwamendingen-Mitte,10903,2010
551,54,Hirzenbach,11459,2010
552,9,Kreis 1,5576,2009
553,10,Rathaus,3110,2009
554,11,Hochschulen,673,2009
555,12,Lindenhof,940,2009
556,13,City,853,2009
557,14,Kreis 2,29809,2009
558,15,Wollishofen,15854,2009
559,16,Leimbach,5287,2009
560,17,Enge,8668,2009
561,18,Kreis 3,46971,2009
562,19,Alt-Wiedikon,15504,2009
563,20,Friesenberg,11003,2009
564,21,Sihlfeld,20464,2009
565,22,Kreis 4,27398,2009
566,23,Werd,4104,2009
567,24,Langstrasse,10392,2009
568,25,Hard,12902,2009
569,26,Kreis 5,12777,2009
570,27,Gewerbeschule,9717,2009
571,28,Escher Wyss,3060,2009
572,29,Kreis 6,31131,2009
573,30,Unterstrass,21080,2009
574,31,Oberstrass,10051,2009
575,32,Kreis 7,35362,2009
576,33,Fluntern,7528,2009
577,34,Hottingen,10594,2009
578,35,Hirslanden,6956,2009
579,36,Witikon,10284,2009
580,37,Kreis 8,15212,2009
581,38,Seefeld,4732,2009
582,39,Mühlebach,5545,2009
583,40,Weinegg,4935,2009
584,41,Kreis 9,47520,2009
585,42,Albisrieden,17675,2009
586,43,Altstetten,29845,2009
587,44,Kreis 10,36939,2009
588,45,Höngg,21294,2009
589,46,Wipkingen,15645,2009
590,47,Kreis 11,64612,2009
591,48,Affoltern,22383,2009
592,49,Oerlikon,20740,2009
593,50,Seebach,21489,2009
594,51,Kreis 12,29599,2009
595,52,Saatlen,7132,2009
596,53,Schwamendingen-Mitte,10857,2009
597,54,Hirzenbach,11610,2009
598,9,Kreis 1,5536,2008
599,10,Rathaus,3051,2008
600,11,Hochschulen,702,2008
601,12,Lindenhof,940,2008
602,13,City,843,2008
603,14,Kreis 2,29531,2008
604,15,Wollishofen,15794,2008
605,16,Leimbach,5185,2008
606,17,Enge,8552,2008
607,18,Kreis 3,46595,2008
608,19,Alt-Wiedikon,15727,2008
609,20,Friesenberg,10325,2008
610,21,Sihlfeld,20543,2008
611,22,Kreis 4,27354,2008
612,23,Werd,4015,2008
613,24,Langstrasse,10455,2008
614,25,Hard,12884,2008
615,26,Kreis 5,12722,2008
616,27,Gewerbeschule,9751,2008
617,28,Escher Wyss,2971,2008
618,29,Kreis 6,30757,2008
619,30,Unterstrass,20655,2008
620,31,Oberstrass,10102,2008
621,32,Kreis 7,35240,2008
622,33,Fluntern,7542,2008
623,34,Hottingen,10548,2008
624,35,Hirslanden,6967,2008
625,36,Witikon,10183,2008
626,37,Kreis 8,15315,2008
627,38,Seefeld,4863,2008
628,39,Mühlebach,5491,2008
629,40,Weinegg,4961,2008
630,41,Kreis 9,47295,2008
631,42,Albisrieden,17555,2008
632,43,Altstetten,29740,2008
633,44,Kreis 10,36686,2008
634,45,Höngg,21186,2008
635,46,Wipkingen,15500,2008
636,47,Kreis 11,64283,2008
637,48,Affoltern,22044,2008
638,49,Oerlikon,20853,2008
639,50,Seebach,21386,2008
640,51,Kreis 12,29185,2008
641,52,Saatlen,6843,2008
642,53,Schwamendingen-Mitte,10864,2008
643,54,Hirzenbach,11478,2008
644,9,Kreis 1,5607,2007
645,10,Rathaus,3079,2007
646,11,Hochschulen,698,2007
647,12,Lindenhof,954,2007
648,13,City,876,2007
649,14,Kreis 2,29421,2007
650,15,Wollishofen,15744,2007
651,16,Leimbach,5204,2007
652,17,Enge,8473,2007
653,18,Kreis 3,46108,2007
654,19,Alt-Wiedikon,15440,2007
655,20,Friesenberg,10296,2007
656,21,Sihlfeld,20372,2007
657,22,Kreis 4,27056,2007
658,23,Werd,3944,2007
659,24,Langstrasse,10310,2007
660,25,Hard,12802,2007
661,26,Kreis 5,12714,2007
662,27,Gewerbeschule,9706,2007
663,28,Escher Wyss,3008,2007
664,29,Kreis 6,30203,2007
665,30,Unterstrass,20243,2007
666,31,Oberstrass,9960,2007
667,32,Kreis 7,34843,2007
668,33,Fluntern,7455,2007
669,34,Hottingen,10284,2007
670,35,Hirslanden,6977,2007
671,36,Witikon,10127,2007
672,37,Kreis 8,15431,2007
673,38,Seefeld,4920,2007
674,39,Mühlebach,5567,2007
675,40,Weinegg,4944,2007
676,41,Kreis 9,46875,2007
677,42,Albisrieden,17527,2007
678,43,Altstetten,29348,2007
679,44,Kreis 10,36474,2007
680,45,Höngg,21075,2007
681,46,Wipkingen,15399,2007
682,47,Kreis 11,63092,2007
683,48,Affoltern,20948,2007
684,49,Oerlikon,20754,2007
685,50,Seebach,21390,2007
686,51,Kreis 12,28991,2007
687,52,Saatlen,6842,2007
688,53,Schwamendingen-Mitte,10806,2007
689,54,Hirzenbach,11343,2007
690,9,Kreis 1,5608,2006
691,10,Rathaus,3097,2006
692,11,Hochschulen,711,2006
693,12,Lindenhof,955,2006
694,13,City,845,2006
695,14,Kreis 2,28898,2006
696,15,Wollishofen,15587,2006
697,16,Leimbach,4944,2006
698,17,Enge,8367,2006
699,18,Kreis 3,45887,2006
700,19,Alt-Wiedikon,15231,2006
701,20,Friesenberg,10342,2006
702,21,Sihlfeld,20314,2006
703,22,Kreis 4,26705,2006
704,23,Werd,3865,2006
705,24,Langstrasse,10332,2006
706,25,Hard,12508,2006
707,26,Kreis 5,12722,2006
708,27,Gewerbeschule,9735,2006
709,28,Escher Wyss,2987,2006
710,29,Kreis 6,29657,2006
711,30,Unterstrass,19959,2006
712,31,Oberstrass,9698,2006
713,32,Kreis 7,34421,2006
714,33,Fluntern,7379,2006
715,34,Hottingen,10180,2006
716,35,Hirslanden,6904,2006
717,36,Witikon,9958,2006
718,37,Kreis 8,15207,2006
719,38,Seefeld,4842,2006
720,39,Mühlebach,5549,2006
721,40,Weinegg,4816,2006
722,41,Kreis 9,46143,2006
723,42,Albisrieden,17275,2006
724,43,Altstetten,28868,2006
725,44,Kreis 10,36409,2006
726,45,Höngg,21017,2006
727,46,Wipkingen,15392,2006
728,47,Kreis 11,59868,2006
729,48,Affoltern,18793,2006
730,49,Oerlikon,20318,2006
731,50,Seebach,20757,2006
732,51,Kreis 12,28537,2006
733,52,Saatlen,6695,2006
734,53,Schwamendingen-Mitte,10637,2006
735,54,Hirzenbach,11205,2006
736,9,Kreis 1,5572,2005
737,10,Rathaus,3081,2005
738,11,Hochschulen,695,2005
739,12,Lindenhof,950,2005
740,13,City,846,2005
741,14,Kreis 2,28834,2005
742,15,Wollishofen,15592,2005
743,16,Leimbach,4867,2005
744,17,Enge,8375,2005
745,18,Kreis 3,45885,2005
746,19,Alt-Wiedikon,14971,2005
747,20,Friesenberg,10360,2005
748,21,Sihlfeld,20554,2005
749,22,Kreis 4,26961,2005
750,23,Werd,3878,2005
751,24,Langstrasse,10368,2005
752,25,Hard,12715,2005
753,26,Kreis 5,12417,2005
754,27,Gewerbeschule,9690,2005
755,28,Escher Wyss,2727,2005
756,29,Kreis 6,29415,2005
757,30,Unterstrass,19921,2005
758,31,Oberstrass,9494,2005
759,32,Kreis 7,34148,2005
760,33,Fluntern,7325,2005
761,34,Hottingen,10100,2005
762,35,Hirslanden,6859,2005
763,36,Witikon,9864,2005
764,37,Kreis 8,15343,2005
765,38,Seefeld,4923,2005
766,39,Mühlebach,5577,2005
767,40,Weinegg,4843,2005
768,41,Kreis 9,45504,2005
769,42,Albisrieden,17226,2005
770,43,Altstetten,28278,2005
771,44,Kreis 10,36219,2005
772,45,Höngg,20773,2005
773,46,Wipkingen,15446,2005
774,47,Kreis 11,58275,2005
775,48,Affoltern,18733,2005
776,49,Oerlikon,19663,2005
777,50,Seebach,19879,2005
778,51,Kreis 12,28236,2005
779,52,Saatlen,6649,2005
780,53,Schwamendingen-Mitte,10322,2005
781,54,Hirzenbach,11265,2005
782,9,Kreis 1,5630,2004
783,10,Rathaus,3115,2004
784,11,Hochschulen,725,2004
785,12,Lindenhof,947,2004
786,13,City,843,2004
787,14,Kreis 2,28486,2004
788,15,Wollishofen,15499,2004
789,16,Leimbach,4778,2004
790,17,Enge,8209,2004
791,18,Kreis 3,45444,2004
792,19,Alt-Wiedikon,14551,2004
793,20,Friesenberg,10326,2004
794,21,Sihlfeld,20567,2004
795,22,Kreis 4,26886,2004
796,23,Werd,3763,2004
797,24,Langstrasse,10319,2004
798,25,Hard,12804,2004
799,26,Kreis 5,12397,2004
800,27,Gewerbeschule,9773,2004
801,28,Escher Wyss,2624,2004
802,29,Kreis 6,29288,2004
803,30,Unterstrass,19742,2004
804,31,Oberstrass,9546,2004
805,32,Kreis 7,33728,2004
806,33,Fluntern,7285,2004
807,34,Hottingen,9926,2004
808,35,Hirslanden,6806,2004
809,36,Witikon,9711,2004
810,37,Kreis 8,15310,2004
811,38,Seefeld,4993,2004
812,39,Mühlebach,5546,2004
813,40,Weinegg,4771,2004
814,41,Kreis 9,45455,2004
815,42,Albisrieden,17087,2004
816,43,Altstetten,28368,2004
817,44,Kreis 10,36284,2004
818,45,Höngg,20856,2004
819,46,Wipkingen,15428,2004
820,47,Kreis 11,57762,2004
821,48,Affoltern,18886,2004
822,49,Oerlikon,19375,2004
823,50,Seebach,19501,2004
824,51,Kreis 12,28307,2004
825,52,Saatlen,6697,2004
826,53,Schwamendingen-Mitte,10274,2004
827,54,Hirzenbach,11336,2004
828,9,Kreis 1,5700,2003
829,10,Rathaus,3149,2003
830,11,Hochschulen,723,2003
831,12,Lindenhof,942,2003
832,13,City,886,2003
833,14,Kreis 2,28526,2003
834,15,Wollishofen,15468,2003
835,16,Leimbach,4830,2003
836,17,Enge,8228,2003
837,18,Kreis 3,45509,2003
838,19,Alt-Wiedikon,14459,2003
839,20,Friesenberg,10387,2003
840,21,Sihlfeld,20663,2003
841,22,Kreis 4,26909,2003
842,23,Werd,3788,2003
843,24,Langstrasse,10304,2003
844,25,Hard,12817,2003
845,26,Kreis 5,12246,2003
846,27,Gewerbeschule,9781,2003
847,28,Escher Wyss,2465,2003
848,29,Kreis 6,29571,2003
849,30,Unterstrass,19882,2003
850,31,Oberstrass,9689,2003
851,32,Kreis 7,33417,2003
852,33,Fluntern,7102,2003
853,34,Hottingen,10017,2003
854,35,Hirslanden,6795,2003
855,36,Witikon,9503,2003
856,37,Kreis 8,15177,2003
857,38,Seefeld,4996,2003
858,39,Mühlebach,5434,2003
859,40,Weinegg,4747,2003
860,41,Kreis 9,45341,2003
861,42,Albisrieden,17018,2003
862,43,Altstetten,28323,2003
863,44,Kreis 10,36286,2003
864,45,Höngg,20810,2003
865,46,Wipkingen,15476,2003
866,47,Kreis 11,57442,2003
867,48,Affoltern,18787,2003
868,49,Oerlikon,19217,2003
869,50,Seebach,19438,2003
870,51,Kreis 12,28404,2003
871,52,Saatlen,6583,2003
872,53,Schwamendingen-Mitte,10389,2003
873,54,Hirzenbach,11432,2003
874,9,Kreis 1,5715,2002
875,10,Rathaus,3128,2002
876,11,Hochschulen,727,2002
877,12,Lindenhof,950,2002
878,13,City,910,2002
879,14,Kreis 2,28731,2002
880,15,Wollishofen,15771,2002
881,16,Leimbach,4681,2002
882,17,Enge,8279,2002
883,18,Kreis 3,45730,2002
884,19,Alt-Wiedikon,14811,2002
885,20,Friesenberg,10188,2002
886,21,Sihlfeld,20731,2002
887,22,Kreis 4,27153,2002
888,23,Werd,3850,2002
889,24,Langstrasse,10447,2002
890,25,Hard,12856,2002
891,26,Kreis 5,12416,2002
892,27,Gewerbeschule,9900,2002
893,28,Escher Wyss,2516,2002
894,29,Kreis 6,29588,2002
895,30,Unterstrass,19863,2002
896,31,Oberstrass,9725,2002
897,32,Kreis 7,33442,2002
898,33,Fluntern,7069,2002
899,34,Hottingen,10021,2002
900,35,Hirslanden,6781,2002
901,36,Witikon,9571,2002
902,37,Kreis 8,15348,2002
903,38,Seefeld,5122,2002
904,39,Mühlebach,5450,2002
905,40,Weinegg,4776,2002
906,41,Kreis 9,45445,2002
907,42,Albisrieden,16669,2002
908,43,Altstetten,28776,2002
909,44,Kreis 10,36065,2002
910,45,Höngg,20570,2002
911,46,Wipkingen,15495,2002
912,47,Kreis 11,56455,2002
913,48,Affoltern,18705,2002
914,49,Oerlikon,18778,2002
915,50,Seebach,18972,2002
916,51,Kreis 12,28470,2002
917,52,Saatlen,6663,2002
918,53,Schwamendingen-Mitte,10373,2002
919,54,Hirzenbach,11434,2002
920,9,Kreis 1,5696,2001
921,10,Rathaus,3103,2001
922,11,Hochschulen,738,2001
923,12,Lindenhof,948,2001
924,13,City,907,2001
925,14,Kreis 2,28698,2001
926,15,Wollishofen,15928,2001
927,16,Leimbach,4668,2001
928,17,Enge,8102,2001
929,18,Kreis 3,45438,2001
930,19,Alt-Wiedikon,14692,2001
931,20,Friesenberg,10042,2001
932,21,Sihlfeld,20704,2001
933,22,Kreis 4,26955,2001
934,23,Werd,3838,2001
935,24,Langstrasse,10276,2001
936,25,Hard,12841,2001
937,26,Kreis 5,11968,2001
938,27,Gewerbeschule,9835,2001
939,28,Escher Wyss,2133,2001
940,29,Kreis 6,29595,2001
941,30,Unterstrass,19831,2001
942,31,Oberstrass,9764,2001
943,32,Kreis 7,33676,2001
944,33,Fluntern,7221,2001
945,34,Hottingen,10096,2001
946,35,Hirslanden,6800,2001
947,36,Witikon,9559,2001
948,37,Kreis 8,15327,2001
949,38,Seefeld,5025,2001
950,39,Mühlebach,5486,2001
951,40,Weinegg,4816,2001
952,41,Kreis 9,45397,2001
953,42,Albisrieden,16614,2001
954,43,Altstetten,28783,2001
955,44,Kreis 10,36155,2001
956,45,Höngg,20588,2001
957,46,Wipkingen,15567,2001
958,47,Kreis 11,55019,2001
959,48,Affoltern,18693,2001
960,49,Oerlikon,18223,2001
961,50,Seebach,18103,2001
962,51,Kreis 12,28118,2001
963,52,Saatlen,6386,2001
964,53,Schwamendingen-Mitte,10430,2001
965,54,Hirzenbach,11302,2001
966,9,Kreis 1,5786,2000
967,10,Rathaus,3109,2000
968,11,Hochschulen,759,2000
969,12,Lindenhof,989,2000
970,13,City,929,2000
971,14,Kreis 2,28935,2000
972,15,Wollishofen,16102,2000
973,16,Leimbach,4644,2000
974,17,Enge,8189,2000
975,18,Kreis 3,45648,2000
976,19,Alt-Wiedikon,14789,2000
977,20,Friesenberg,9972,2000
978,21,Sihlfeld,20887,2000
979,22,Kreis 4,27029,2000
980,23,Werd,3917,2000
981,24,Langstrasse,10237,2000
982,25,Hard,12875,2000
983,26,Kreis 5,11753,2000
984,27,Gewerbeschule,9824,2000
985,28,Escher Wyss,1929,2000
986,29,Kreis 6,29797,2000
987,30,Unterstrass,19933,2000
988,31,Oberstrass,9864,2000
989,32,Kreis 7,33717,2000
990,33,Fluntern,7267,2000
991,34,Hottingen,10147,2000
992,35,Hirslanden,6759,2000
993,36,Witikon,9544,2000
994,37,Kreis 8,15338,2000
995,38,Seefeld,4989,2000
996,39,Mühlebach,5545,2000
997,40,Weinegg,4804,2000
998,41,Kreis 9,44619,2000
999,42,Albisrieden,16445,2000
1000,43,Altstetten,28174,2000
1001,44,Kreis 10,36127,2000
1002,45,Höngg,20423,2000
1003,46,Wipkingen,15704,2000
1004,47,Kreis 11,54133,2000
1005,48,Affoltern,18387,2000
1006,49,Oerlikon,17876,2000
1007,50,Seebach,17870,2000
1008,51,Kreis 12,28098,2000
1009,52,Saatlen,6338,2000
1010,53,Schwamendingen-Mitte,10479,2000
1011,54,Hirzenbach,11281,2000
1012,9,Kreis 1,5872,1999
1013,10,Rathaus,3104,1999
1014,11,Hochschulen,769,1999
1015,12,Lindenhof,1032,1999
1016,13,City,967,1999
1017,14,Kreis 2,28680,1999
1018,15,Wollishofen,15896,1999
1019,16,Leimbach,4650,1999
1020,17,Enge,8134,1999
1021,18,Kreis 3,45899,1999
1022,19,Alt-Wiedikon,14889,1999
1023,20,Friesenberg,10013,1999
1024,21,Sihlfeld,20997,1999
1025,22,Kreis 4,27287,1999
1026,23,Werd,3966,1999
1027,24,Langstrasse,10370,1999
1028,25,Hard,12951,1999
1029,26,Kreis 5,11547,1999
1030,27,Gewerbeschule,9594,1999
1031,28,Escher Wyss,1953,1999
1032,29,Kreis 6,29980,1999
1033,30,Unterstrass,20083,1999
1034,31,Oberstrass,9897,1999
1035,32,Kreis 7,33996,1999
1036,33,Fluntern,7298,1999
1037,34,Hottingen,10307,1999
1038,35,Hirslanden,6837,1999
1039,36,Witikon,9554,1999
1040,37,Kreis 8,15296,1999
1041,38,Seefeld,4969,1999
1042,39,Mühlebach,5527,1999
1043,40,Weinegg,4800,1999
1044,41,Kreis 9,44269,1999
1045,42,Albisrieden,16341,1999
1046,43,Altstetten,27928,1999
1047,44,Kreis 10,36090,1999
1048,45,Höngg,20559,1999
1049,46,Wipkingen,15531,1999
1050,47,Kreis 11,53725,1999
1051,48,Affoltern,18468,1999
1052,49,Oerlikon,17368,1999
1053,50,Seebach,17889,1999
1054,51,Kreis 12,28063,1999
1055,52,Saatlen,6554,1999
1056,53,Schwamendingen-Mitte,10390,1999
1057,54,Hirzenbach,11119,1999
1058,9,Kreis 1,5867,1998
1059,10,Rathaus,3050,1998
1060,11,Hochschulen,792,1998
1061,12,Lindenhof,995,1998
1062,13,City,1030,1998
1063,14,Kreis 2,28595,1998
1064,15,Wollishofen,15826,1998
1065,16,Leimbach,4619,1998
1066,17,Enge,8150,1998
1067,18,Kreis 3,46022,1998
1068,19,Alt-Wiedikon,14975,1998
1069,20,Friesenberg,10029,1998
1070,21,Sihlfeld,21018,1998
1071,22,Kreis 4,27183,1998
1072,23,Werd,3913,1998
1073,24,Langstrasse,10399,1998
1074,25,Hard,12871,1998
1075,26,Kreis 5,11043,1998
1076,27,Gewerbeschule,9464,1998
1077,28,Escher Wyss,1579,1998
1078,29,Kreis 6,30173,1998
1079,30,Unterstrass,20266,1998
1080,31,Oberstrass,9907,1998
1081,32,Kreis 7,33767,1998
1082,33,Fluntern,7272,1998
1083,34,Hottingen,10240,1998
1084,35,Hirslanden,6702,1998
1085,36,Witikon,9553,1998
1086,37,Kreis 8,15364,1998
1087,38,Seefeld,5087,1998
1088,39,Mühlebach,5461,1998
1089,40,Weinegg,4816,1998
1090,41,Kreis 9,44204,1998
1091,42,Albisrieden,16548,1998
1092,43,Altstetten,27656,1998
1093,44,Kreis 10,35697,1998
1094,45,Höngg,20054,1998
1095,46,Wipkingen,15643,1998
1096,47,Kreis 11,53401,1998
1097,48,Affoltern,18469,1998
1098,49,Oerlikon,17026,1998
1099,50,Seebach,17906,1998
1100,51,Kreis 12,27757,1998
1101,52,Saatlen,6568,1998
1102,53,Schwamendingen-Mitte,10174,1998
1103,54,Hirzenbach,11015,1998
1104,9,Kreis 1,5866,1997
1105,10,Rathaus,3083,1997
1106,11,Hochschulen,762,1997
1107,12,Lindenhof,1025,1997
1108,13,City,996,1997
1109,14,Kreis 2,28468,1997
1110,15,Wollishofen,15820,1997
1111,16,Leimbach,4484,1997
1112,17,Enge,8164,1997
1113,18,Kreis 3,46123,1997
1114,19,Alt-Wiedikon,15000,1997
1115,20,Friesenberg,9991,1997
1116,21,Sihlfeld,21132,1997
1117,22,Kreis 4,27292,1997
1118,23,Werd,3928,1997
1119,24,Langstrasse,10480,1997
1120,25,Hard,12884,1997
1121,26,Kreis 5,11147,1997
1122,27,Gewerbeschule,9525,1997
1123,28,Escher Wyss,1622,1997
1124,29,Kreis 6,30275,1997
1125,30,Unterstrass,20281,1997
1126,31,Oberstrass,9994,1997
1127,32,Kreis 7,33753,1997
1128,33,Fluntern,7191,1997
1129,34,Hottingen,10326,1997
1130,35,Hirslanden,6659,1997
1131,36,Witikon,9577,1997
1132,37,Kreis 8,15428,1997
1133,38,Seefeld,5155,1997
1134,39,Mühlebach,5474,1997
1135,40,Weinegg,4799,1997
1136,41,Kreis 9,44293,1997
1137,42,Albisrieden,16630,1997
1138,43,Altstetten,27663,1997
1139,44,Kreis 10,35610,1997
1140,45,Höngg,19793,1997
1141,46,Wipkingen,15817,1997
1142,47,Kreis 11,52661,1997
1143,48,Affoltern,18177,1997
1144,49,Oerlikon,16765,1997
1145,50,Seebach,17719,1997
1146,51,Kreis 12,27678,1997
1147,52,Saatlen,6428,1997
1148,53,Schwamendingen-Mitte,10237,1997
1149,54,Hirzenbach,11013,1997
1150,9,Kreis 1,5856,1996
1151,10,Rathaus,3078,1996
1152,11,Hochschulen,753,1996
1153,12,Lindenhof,1044,1996
1154,13,City,981,1996
1155,14,Kreis 2,28552,1996
1156,15,Wollishofen,15844,1996
1157,16,Leimbach,4553,1996
1158,17,Enge,8155,1996
1159,18,Kreis 3,46095,1996
1160,19,Alt-Wiedikon,14869,1996
1161,20,Friesenberg,9993,1996
1162,21,Sihlfeld,21233,1996
1163,22,Kreis 4,27634,1996
1164,23,Werd,3979,1996
1165,24,Langstrasse,10718,1996
1166,25,Hard,12937,1996
1167,26,Kreis 5,11341,1996
1168,27,Gewerbeschule,9700,1996
1169,28,Escher Wyss,1641,1996
1170,29,Kreis 6,30428,1996
1171,30,Unterstrass,20318,1996
1172,31,Oberstrass,10110,1996
1173,32,Kreis 7,33876,1996
1174,33,Fluntern,7178,1996
1175,34,Hottingen,10348,1996
1176,35,Hirslanden,6703,1996
1177,36,Witikon,9647,1996
1178,37,Kreis 8,15692,1996
1179,38,Seefeld,5226,1996
1180,39,Mühlebach,5566,1996
1181,40,Weinegg,4900,1996
1182,41,Kreis 9,44365,1996
1183,42,Albisrieden,16705,1996
1184,43,Altstetten,27660,1996
1185,44,Kreis 10,35735,1996
1186,45,Höngg,19604,1996
1187,46,Wipkingen,16131,1996
1188,47,Kreis 11,52559,1996
1189,48,Affoltern,18122,1996
1190,49,Oerlikon,16813,1996
1191,50,Seebach,17624,1996
1192,51,Kreis 12,27515,1996
1193,52,Saatlen,6384,1996
1194,53,Schwamendingen-Mitte,10141,1996
1195,54,Hirzenbach,10990,1996
1196,9,Kreis 1,5934,1995
1197,10,Rathaus,3049,1995
1198,11,Hochschulen,782,1995
1199,12,Lindenhof,1096,1995
1200,13,City,1007,1995
1201,14,Kreis 2,28739,1995
1202,15,Wollishofen,15918,1995
1203,16,Leimbach,4647,1995
1204,17,Enge,8174,1995
1205,18,Kreis 3,46327,1995
1206,19,Alt-Wiedikon,14719,1995
1207,20,Friesenberg,10155,1995
1208,21,Sihlfeld,21453,1995
1209,22,Kreis 4,27829,1995
1210,23,Werd,4005,1995
1211,24,Langstrasse,10952,1995
1212,25,Hard,12872,1995
1213,26,Kreis 5,11460,1995
1214,27,Gewerbeschule,9811,1995
1215,28,Escher Wyss,1649,1995
1216,29,Kreis 6,30477,1995
1217,30,Unterstrass,20356,1995
1218,31,Oberstrass,10121,1995
1219,32,Kreis 7,33771,1995
1220,33,Fluntern,7151,1995
1221,34,Hottingen,10234,1995
1222,35,Hirslanden,6654,1995
1223,36,Witikon,9732,1995
1224,37,Kreis 8,15763,1995
1225,38,Seefeld,5281,1995
1226,39,Mühlebach,5611,1995
1227,40,Weinegg,4871,1995
1228,41,Kreis 9,44631,1995
1229,42,Albisrieden,16843,1995
1230,43,Altstetten,27788,1995
1231,44,Kreis 10,35323,1995
1232,45,Höngg,19243,1995
1233,46,Wipkingen,16080,1995
1234,47,Kreis 11,52887,1995
1235,48,Affoltern,18154,1995
1236,49,Oerlikon,17033,1995
1237,50,Seebach,17700,1995
1238,51,Kreis 12,27685,1995
1239,52,Saatlen,6442,1995
1240,53,Schwamendingen-Mitte,10248,1995
1241,54,Hirzenbach,10995,1995
1242,9,Kreis 1,5827,1994
1243,10,Rathaus,3089,1994
1244,11,Hochschulen,806,1994
1245,12,Lindenhof,1087,1994
1246,13,City,845,1994
1247,14,Kreis 2,28622,1994
1248,15,Wollishofen,15902,1994
1249,16,Leimbach,4598,1994
1250,17,Enge,8122,1994
1251,18,Kreis 3,46585,1994
1252,19,Alt-Wiedikon,14803,1994
1253,20,Friesenberg,10213,1994
1254,21,Sihlfeld,21569,1994
1255,22,Kreis 4,28124,1994
1256,23,Werd,4125,1994
1257,24,Langstrasse,11183,1994
1258,25,Hard,12816,1994
1259,26,Kreis 5,11369,1994
1260,27,Gewerbeschule,9773,1994
1261,28,Escher Wyss,1596,1994
1262,29,Kreis 6,30743,1994
1263,30,Unterstrass,20477,1994
1264,31,Oberstrass,10266,1994
1265,32,Kreis 7,33725,1994
1266,33,Fluntern,7085,1994
1267,34,Hottingen,10229,1994
1268,35,Hirslanden,6750,1994
1269,36,Witikon,9661,1994
1270,37,Kreis 8,15798,1994
1271,38,Seefeld,5304,1994
1272,39,Mühlebach,5611,1994
1273,40,Weinegg,4883,1994
1274,41,Kreis 9,44775,1994
1275,42,Albisrieden,17058,1994
1276,43,Altstetten,27717,1994
1277,44,Kreis 10,35241,1994
1278,45,Höngg,19184,1994
1279,46,Wipkingen,16057,1994
1280,47,Kreis 11,52474,1994
1281,48,Affoltern,18061,1994
1282,49,Oerlikon,16771,1994
1283,50,Seebach,17642,1994
1284,51,Kreis 12,27565,1994
1285,52,Saatlen,6430,1994
1286,53,Schwamendingen-Mitte,10240,1994
1287,54,Hirzenbach,10895,1994
1288,9,Kreis 1,5961,1993
1289,10,Rathaus,3133,1993
1290,11,Hochschulen,808,1993
1291,12,Lindenhof,1136,1993
1292,13,City,884,1993
1293,14,Kreis 2,28607,1993
1294,15,Wollishofen,15927,1993
1295,16,Leimbach,4555,1993
1296,17,Enge,8125,1993
1297,18,Kreis 3,46340,1993
1298,19,Alt-Wiedikon,14637,1993
1299,20,Friesenberg,10167,1993
1300,21,Sihlfeld,21536,1993
1301,22,Kreis 4,28300,1993
1302,23,Werd,4048,1993
1303,24,Langstrasse,11505,1993
1304,25,Hard,12747,1993
1305,26,Kreis 5,11495,1993
1306,27,Gewerbeschule,9948,1993
1307,28,Escher Wyss,1547,1993
1308,29,Kreis 6,30579,1993
1309,30,Unterstrass,20425,1993
1310,31,Oberstrass,10154,1993
1311,32,Kreis 7,33788,1993
1312,33,Fluntern,7188,1993
1313,34,Hottingen,10139,1993
1314,35,Hirslanden,6835,1993
1315,36,Witikon,9626,1993
1316,37,Kreis 8,15833,1993
1317,38,Seefeld,5283,1993
1318,39,Mühlebach,5694,1993
1319,40,Weinegg,4856,1993
1320,41,Kreis 9,45003,1993
1321,42,Albisrieden,17132,1993
1322,43,Altstetten,27871,1993
1323,44,Kreis 10,35092,1993
1324,45,Höngg,19118,1993
1325,46,Wipkingen,15974,1993
1326,47,Kreis 11,52419,1993
1327,48,Affoltern,18095,1993
1328,49,Oerlikon,16710,1993
1329,50,Seebach,17614,1993
1330,51,Kreis 12,27481,1993
1331,52,Saatlen,6472,1993
1332,53,Schwamendingen-Mitte,10175,1993
1333,54,Hirzenbach,10834,1993
